{"cameraMode":{"drawMode":0,"name":"Shaded","section":"Shading Mode"},"sceneLighting":true,"audioPlay":false,"sceneViewState":{"showFog":true,"showMaterialUpdate":true,"showSkybox":true,"showFlares":true,"showImageEffects":true,"showParticleSystems":true},"in2DMode":false,"pivot":{"x":-0.14255690574645997,"y":0.024956949055194856,"z":0.24038003385066987},"rotation":{"x":-0.05068036541342735,"y":0.9390584230422974,"z":-0.1581142544746399,"w":-0.30101290345191958},"size":1.2667298316955567,"orthographic":false}