{"cameraMode":{"drawMode":0,"name":"Shaded","section":"Shading Mode"},"sceneLighting":true,"audioPlay":false,"sceneViewState":{"showFog":true,"showMaterialUpdate":true,"showSkybox":true,"showFlares":true,"showImageEffects":true,"showParticleSystems":true},"in2DMode":false,"pivot":{"x":0.41658806800842287,"y":1.0989652872085572,"z":-0.04773087799549103},"rotation":{"x":-0.19660882651805879,"y":0.241880863904953,"z":-0.050112273544073108,"w":-0.9488741159439087},"size":4.728724479675293,"orthographic":false}